{
  "project_info": {
    "project_number": "131647627945",
    "firebase_url": "https://devspace-587d8.firebaseio.com",
    "project_id": "devspace-587d8",
    "storage_bucket": "devspace-587d8.appspot.com"
  },
  "client": [
    {
      "client_info": {
        "mobilesdk_app_id": "1:131647627945:android:c83b98668a9e8d631affb8",
        "android_client_info": {
          "package_name": "team.xeon.devspace"
        }
      },
      "oauth_client": [
        {
          "client_id": "131647627945-h0qhr93mjnemaea8092grs7mcbu215ei.apps.googleusercontent.com",
          "client_type": 3
        }
      ],
      "api_key": [
        {
          "current_key": "AIzaSyASYIxyFm67K3WdMQ6LL08ZFZEVxuNLjMg"
        }
      ],
      "services": {
        "appinvite_service": {
          "other_platform_oauth_client": [
            {
              "client_id": "131647627945-h0qhr93mjnemaea8092grs7mcbu215ei.apps.googleusercontent.com",
              "client_type": 3
            }
          ]
        }
      }
    }
  ],
  "configuration_version": "1"
}